{"train_losses": [0.447941599903391, 0.27873977639164704, 0.2019567521122413, 0.16876324542815768, 0.15134051178650157, 0.14209966331740542, 0.1306825537931144, 0.12139977009961922, 0.12827865056552215, 0.125599664643528, 0.09267590911730841, 0.1084780978962658, 0.12257933471261001, 0.10517402522286103, 0.10460892127862145, 0.09226258603861015, 0.09939984884365465, 0.09899260981265849, 0.11303358026313265, 0.10856552986392806, 0.07208051736438824, 0.08437981749291666, 0.10297374807419331, 0.09380016271984028, 0.08253424390544736, 0.08804258768797567], "train_accuracies": [0.7317073170731707, 0.9186991869918699, 0.9566395663956639, 0.9634146341463414, 0.9539295392953929, 0.9512195121951219, 0.962059620596206, 0.9661246612466124, 0.9579945799457995, 0.9525745257452575, 0.9728997289972899, 0.964769647696477, 0.9566395663956639, 0.967479674796748, 0.9607046070460704, 0.9688346883468835, 0.9742547425474255, 0.9661246612466124, 0.962059620596206, 0.9661246612466124, 0.978319783197832, 0.975609756097561, 0.964769647696477, 0.9688346883468835, 0.975609756097561, 0.9715447154471545], "val_losses": [0.30824970633168763, 0.21909483003465435, 0.17204204107387155, 0.14157523893857304, 0.1287954861793337, 0.12232292924500719, 0.11100583985636506, 0.11054045848454101, 0.09353226908965956, 0.09200492821916749, 0.09751314641554144, 0.08519072434570216, 0.08441265823343132, 0.08114722526714771, 0.08573660405376289, 0.07881104903696459, 0.07273956176035012, 0.08688137708585474, 0.07813583064494253, 0.09089315621347367, 0.07520038309165195, 0.08392722409548639, 0.07561925336529937, 0.07256074721300149, 0.08819194706274738, 0.08604491685953321], "val_accuracies": [0.9493670886075949, 0.9810126582278481, 0.9810126582278481, 0.9810126582278481, 0.9810126582278481, 0.9873417721518988, 0.9810126582278481, 0.9810126582278481, 0.9873417721518988, 0.9746835443037974, 0.9746835443037974, 0.9746835443037974, 0.9683544303797469, 0.9810126582278481, 0.9810126582278481, 0.9810126582278481, 0.9873417721518988, 0.9873417721518988, 0.9746835443037974, 0.9683544303797469, 0.9810126582278481, 0.9683544303797469, 0.9810126582278481, 0.9746835443037974, 0.9746835443037974, 0.9746835443037974], "best_val_acc": 0.9873417721518988}